[
  {
    "name": "ONYX x LES MILLS: Bring it ON",
    "dateTime": "Friday, July 25 · 5:30 - 9pm HKT. Doors at 4pm",
    "location": "Central Harbourfront Event Space, 9 Lung Wo Rd Central, HKI",
    "price": "From $250.00",
    "status": "",
    "url": "https://www.eventbrite.hk/e/onyx-x-les-mills-bring-it-on-tickets-1426874813979?aff=ebdssbdestsearch",
    "imageUrl": "https://img.evbuc.com/https%3A%2F%2Fcdn.evbuc.com%2Fimages%2F1069613293%2F2810947436081%2F1%2Foriginal.20250709-051502?crop=focalpoint&fit=crop&w=400&auto=format%2Ccompress&q=75&sharp=10&fp-x=0.005&fp-y=0.005&s=138f0cc2af1f3bcef33b3b2135104c6f",
    "about": "If you can’t beat the heat, sweat it out! Join ONYX by GO24 Fitness and LES MILLS Hong Kong & Macao for an electric evening of fitness and fun.Punch and kick to classic BODYCOMBAT favourites, and groove with a star-studded BODYJAM instructor ensemble. All are welcome!Admission is complimentary with every purchase of a limited-edition ONYX by GO24 Fitness x LES MILLS Hong Kong & Macao gift pack. Each gift pack includes admission to one class."
  },
  {
    "name": "STATION 9 - Official Hyrox Afterparty (Hong Kong)",
    "dateTime": "July 27 · 10pm - July 28 · 3am HKT",
    "location": "The Trilogy, 45 Pottinger Street #26/F Hong Kong, HKI",
    "price": "From $158.99",
    "status": "",
    "url": "https://www.eventbrite.com/e/station-9-official-hyrox-afterparty-hong-kong-tickets-1448321802499?aff=ebdssbdestsearch",
    "imageUrl": "https://img.evbuc.com/https%3A%2F%2Fcdn.evbuc.com%2Fimages%2F1073694453%2F2433894653761%2F1%2Foriginal.20250715-065857?crop=focalpoint&fit=crop&w=405&auto=format%2Ccompress&q=75&sharp=10&fp-x=0.005&fp-y=0.00548327137546&s=5bedba86d8115b7805d4fb3e9d076a8d",
    "about": "Welcome to the Official Hyrox after party!Step into a night where the spirit of Hyrox meets the heartbeat of Hong Kong—a night of celebration, connection, and unforgettable memories waiting to be made.This after party is open to everyone, not just racers! It’s time to unwind and party with plus ones and fellow competitors, share stories of triumph and struggle, then dance the night away in a high-energy atmosphere.The afterparty will take you on a journey through Hong Kong’s rich culture to its fast paced modern identity, split across different activities throughout the evening. You can expect performances, electric DJ sets including our very own BENNY * CEE, brand activations and epic prizes in which you may be blessed with the opportunity to challenge for.The Trilogy, located in the heart of Central, will play host to the event. With multiple floors, including a stunning rooftop overlooking Hong Kong's iconic skyline, plus an amazing nightclub to keep the celebration going into the early hours. This afterparty is not one to be missed!PLEASE NOTE:*There are also limited nightclub tables availble. If you are interested in booking a table for the evening, please contact info@thetrilogy.hkWe look forward to welcoming you after a hard weekend of Hyrox!(This event is organised in collaboration with the BENNY * CEE brand, for any questions please email benny@bennyxcee.com)"
  },
  {
    "name": "SUMMER SWEAT | GIRLSLIFTGIRLS X FORM ATHLETIC",
    "dateTime": "Sunday, July 20 · 9 - 10am HKT",
    "location": "FORM Athletic, 1 Wellington Street Hong Kong, HKI",
    "price": "From $105.99",
    "status": "Selling quickly",
    "url": "https://www.eventbrite.hk/e/summer-sweat-girlsliftgirls-x-form-athletic-tickets-1483114418149?aff=ebdssbdestsearch",
    "imageUrl": "https://img.evbuc.com/https%3A%2F%2Fcdn.evbuc.com%2Fimages%2F1071411173%2F519669083809%2F1%2Foriginal.20250711-084854?w=512&auto=format%2Ccompress&q=75&sharp=10&rect=0%2C0%2C2160%2C1080&s=da5417641a439cfaf6b9406aa47aba9d",
    "about": "Girls Lift Girls is teaming up with Form Athletic again for a summer sweat workout to celebrate the opening of their new gym! Ready to sweat together? Join us for a team-based group workout that combines strength training and conditioning in a supportive, energetic environment.What to ExpectThis indoor session is designed for all fitness levels - from total beginners to seasoned athletes. We'll focus on functional strength movements and cardio conditioning that you can modify to match your comfort zone.Perfect For You If...You want to get a solid sweat session inYou're curious about trying a structured workout for the first timeYou prefer exercising with others rather than going soloThe VibeTeam-based format means you'll be working alongside others, sharing the energy, and maybe making some new connections. Great music, clear instruction, and a judgment-free zone where everyone's just focused on moving their body and having a good time.Duration: 1 hour workout (9:00am -10:00am)Location: Form Athletic (New gym)What to bring: Water bottle, towel, and comfortable workout clothesFee: $100 HKD per person (non-refundable)Spaces are limited—grab your spot now and let’s lift each other up!💬 Wanna stay in the loop?Join our WhatsApp group for live updates + event details:👉 https://chat.whatsapp.com/KYznc6wl3wC9jLfsAuediFCan’t wait to see you there 💪"
  },
  {
    "name": "【NEWAVE 新競技田徑】青少年暑期田徑班（2025年7-8月）",
    "dateTime": "香港",
    "location": "香港, Hong Kong Hong Kong",
    "price": "From $211.98",
    "status": "Sales end soon",
    "url": "https://www.eventbrite.hk/e/newave-20257-8-tickets-1390589002139?aff=ebdssbdestsearch",
    "imageUrl": "https://img.evbuc.com/https%3A%2F%2Fcdn.evbuc.com%2Fimages%2F1042872473%2F1575397946733%2F1%2Foriginal.20250531-112056?w=400&auto=format%2Ccompress&q=75&sharp=10&s=a8ee43a85bad18e0ff9ece1f508476bf",
    "about": "青少年暑期田徑班（2025年7-8月）招生！2025 Juniors Athletics Course (JUL - AUG) is now enrolling!想趁暑假做下運動？想把握時間，備戰今年學界？新競技田徑 Newave Athletics 暑期班就啱晒你！新競技田徑 Newave Athletics 志在培育新一代青少年運動員，其中不乏在各區學界名列前三者，亦有打破全港小學記錄嘅傑出小將，早前更有運動員達到港隊青少年標準！無論你係田徑初學者，定係有經驗嘅運動員，我哋都歡迎你！Want to take advantage of the summer holidays to do some exercise? Do you want to make the most of your time to prepare for this year's academic year? Newave Athletics Summer Training Programme is the right choice for you!新競技田徑 Newave Athletics is dedicated to nurturing a new generation of young athletes, including those who are in the top three of schools in the districts, outstanding youngsters who have broken the records of all primary schools in Hong Kong, and athletes who have reached the standard of Hong Kong Team Juniors in the past!Whether you are a beginner or an experienced athlete, we welcome you!"
  },
  {
    "name": "Verano Boxing Club Fight Night IV",
    "dateTime": "Saturday, July 26 · 4 - 11pm HKT",
    "location": "Verano Boxing Club, 1 Chung Ching Street Shop 23, 1/F Hong Kong, HKI",
    "price": "From $296.77",
    "status": "Just added!",
    "url": "https://www.eventbrite.hk/e/verano-boxing-club-fight-night-iv-tickets-1486914704909?aff=ebdssbdestsearch",
    "imageUrl": "https://img.evbuc.com/https%3A%2F%2Fcdn.evbuc.com%2Fimages%2F1072467963%2F1523323982873%2F1%2Foriginal.20250713-150646?w=405&auto=format%2Ccompress&q=75&sharp=10&s=9543cd51b5f4152813bf16ef85795aff",
    "about": "Join us at Verano Boxing Club on 26 July  at 4pm 🥊🥊🥊Witness exciting bouts from Hong Kong, Macau and Shen Zhen as they battle it our for glory in the ring! 💥 Food, drinks and DJ will also be included in ticket price.🔥 Secure your tickets now before they sell out!"
  },
  {
    "name": "【NEWAVE 新競技田徑】兒童暑期田徑班（2025年7-8月）",
    "dateTime": "将军澳运动场",
    "location": "香港, Hong Kong Hong Kong",
    "price": "From $211.98",
    "status": "Sales end soon",
    "url": "https://www.eventbrite.hk/e/newave-20257-8-tickets-1392154123459?aff=ebdssbdestsearch",
    "imageUrl": "https://img.evbuc.com/https%3A%2F%2Fcdn.evbuc.com%2Fimages%2F1043638943%2F1575397946733%2F1%2Foriginal.20250602-072643?crop=focalpoint&fit=crop&auto=format%2Ccompress&q=75&sharp=10&fp-x=0.5&fp-y=0.5&s=1113a2e5d3e4b1a78281327715da4f66",
    "about": "兒童暑期田徑班（2025年7-8月）招生！2025 Kids Athletics Course (JUL - AUG) is now enrolling!想趁暑假做下運動？想把握時間，備戰今年學界？新競技田徑 Newave Athletics 暑期班就啱晒你！新競技田徑 Newave Athletics 志在培育新一代青少年運動員，其中不乏在各區學界名列前三者，亦有打破全港小學記錄嘅傑出小將，早前更有運動員達到港隊青少年標準！無論你係田徑初學者，定係有經驗嘅運動員，我哋都歡迎你！Want to take advantage of the summer holidays to do some exercise? Do you want to make the most of your time to prepare for this year's academic year? Newave Athletics Summer Training Programme is the right choice for you!新競技田徑 Newave Athletics is dedicated to nurturing a new generation of young athletes, including those who are in the top three of schools in the districts, outstanding youngsters who have broken the records of all primary schools in Hong Kong, and athletes who have reached the standard of Hong Kong Team Juniors in the past!Whether you are a beginner or an experienced athlete, we welcome you!"
  },
  {
    "name": "Toddler Mini Disco Party",
    "dateTime": "Wednesday, July 30 · 3 - 4pm HKT",
    "location": "Moving Cube Studio, Room 501, 70 Queen's Road Central, Central Crawford House Hong Kong Island, HKI 0000",
    "price": "From $317.97",
    "status": "Just added!",
    "url": "https://www.eventbrite.hk/e/toddler-mini-disco-party-tickets-1487342203569?aff=ebdssbdestsearch",
    "imageUrl": "https://img.evbuc.com/https%3A%2F%2Fcdn.evbuc.com%2Fimages%2F1072758883%2F860837674893%2F1%2Foriginal.20250714-043032?w=512&auto=format%2Ccompress&q=75&sharp=10&rect=0%2C120%2C1600%2C800&s=db3b099d8669e9ed990c57b0d155d23d",
    "about": ""
  },
  {
    "name": "ITF BT 100 / BT 10 BEACH TENNIS WORLD TOUR @Discovery Bay",
    "dateTime": "Fri, 21 Nov 2025 08:00 - Sun, 23 Nov 2025 18:00 HKT",
    "location": "Tai Pak Beach, Db Hong kong, NT",
    "price": "From $0.00",
    "status": "",
    "url": "https://www.eventbrite.hk/e/itf-bt-100-bt-10-beach-tennis-world-tour-discovery-bay-tickets-1422947256549?aff=ebdssbdestsearch",
    "imageUrl": "https://img.evbuc.com/https%3A%2F%2Fcdn.evbuc.com%2Fimages%2F1062377243%2F2810852717661%2F1%2Foriginal.20250628-032635?w=343&auto=format%2Ccompress&q=75&sharp=10&s=b5e5e71064a33d13ae7f653e8ed20718",
    "about": "ITF BT100 / BT 10 BEACH TENNIS WORLD TOURWelcome to the ultimate beach tennis showdown at Tai Pak Beach @ Discovery Bay. Join us for a thrilling event featuring the best beach tennis players from around the world competing for the prestigious title. Watch intense matches, enjoy the beautiful beach atmosphere, and soak up the sun while witnessing top-notch beach tennis skills on display. Whether you're a beach tennis enthusiast or just looking for a fun day out, this event is not to be missed. Mark your calendars and get ready for an action-packed weekend of beach tennis excitement!"
  },
  {
    "name": "She Runs Collective Run Club",
    "dateTime": "July 28 · 7:30pm - July 31 · 9pm HKT",
    "location": "THE STATION, 18 Upper Station Street #G/F Sheung Wan, HKI",
    "price": "Free",
    "status": "",
    "url": "https://www.eventbrite.hk/e/she-runs-collective-run-club-tickets-1425185711829?aff=ebdssbdestsearch",
    "imageUrl": "https://img.evbuc.com/https%3A%2F%2Fcdn.evbuc.com%2Fimages%2F1057732293%2F1485605488773%2F1%2Foriginal.20240820-073023?w=512&auto=format%2Ccompress&q=75&sharp=10&rect=0%2C0%2C2160%2C1080&s=aea69dce3d9de8ab8496d4f407d065b6",
    "about": "WHERE & WHEN?Meet at The Station. Arrive any time, we start with a group warm-up at 7:30pm.HOW LONG IS THE RUN?Choose from 2km, 4km or 6km or walking, no pressure & your free to change your mind.ITS MY FIRST TIME WHAT SHOULD I DO?Leave your belongings at The Station, find one of our run captains, and say hi! No worries about being left behind – our dedicated female run captains lead the way. After the run, stick around for post-run smoothies, beers, wine & snacks at The Station.For more information, check out our IG @She.Runs.CollectiveDisclaimer & WaiverBy registering for or participating in this event, you confirm that you do so voluntarily and at your own risk. The organisers make no warranties as to safety and accept no liability for any injury, illness, loss, or damage arising from participation. You are solely responsible for assessing your fitness and ensuring your own safety. By attending, you waive all claims against the organisers to the fullest extent permitted by law."
  }
]