[
  {
    "name": "2025 Hong Kong Law Fair",
    "dateTime": "Sat, 6 Sep 2025 14:00 - 17:00 HKT",
    "location": "Hall 5G, Hong Kong Convention and Exhibition Centre, 1  Expo Drive Wan Chai, HKI",
    "price": "From $0.00",
    "status": "",
    "url": "https://www.eventbrite.com/e/2025-hong-kong-law-fair-tickets-1375343261719?aff=ebdssbdestsearch",
    "imageUrl": "https://img.evbuc.com/https%3A%2F%2Fcdn.evbuc.com%2Fimages%2F1040532913%2F2775572200771%2F1%2Foriginal.20250528-123044?crop=focalpoint&fit=crop&w=512&auto=format%2Ccompress&q=75&sharp=10&fp-x=0.0492424242424&fp-y=0.298507462687&s=72a4bea42cc9d1eac0a5be4c789268e6",
    "about": "Welcome to the 2025 Hong Kong Law Fair!Meet over 50 leading law firms, professional legal organisations and law schools in Hong Kong - all gathered under one roof to offer you insights, guidance, and opportunities to connect with the legal profession.This is your chance to ask questions, explore career paths, and build networks that matter.Free admission is offered to penultimate LLB, double law degree and JD students. Law students from other years are also welcome to register for free admission, but is subject to availability.Non-law and LLM students are welcome to attend with a registration fee of HKD 500, and admission is subject to a quota.Registration is required to attend, and successful registrants will receive a QR code before the event.We look forward to seeing you at Hall 5G, Hong Kong Convention and Exhibition Centre!*In the event of adverse weather conditions (e.g. T8 or above, or a Black Rainstorm Signal), the Law Fair Committee will consider rescheduling the event to Sunday, 7 September 2025, subject to venue availability. Further details will be announced if this occurs."
  },
  {
    "name": "GENAI Summit",
    "dateTime": "Thursday, July 24 · 7 - 10pm HKT. Doors at 6:30pm",
    "location": "The Wave, 4 Hing Yip Street 10th Floor Kwun Tong, KOW",
    "price": "From $0.00",
    "status": "Nearly full",
    "url": "https://www.eventbrite.com/e/genai-summit-tickets-1341791206619?aff=ebdssbdestsearch",
    "imageUrl": "https://img.evbuc.com/https%3A%2F%2Fcdn.evbuc.com%2Fimages%2F1022405593%2F2728133558611%2F1%2Foriginal.20250503-101135?crop=focalpoint&fit=crop&auto=format%2Ccompress&q=75&sharp=10&fp-x=0.145833333333&fp-y=0.557835820896&s=5f3114d8c4d220db9f080fb6c4a822b5",
    "about": "THE BIGGEST GENAI EVENT IN HONG KONG STARTS SOON, DONT MISS OUT香港 GenAI Summit是一項在香港舉辦的頂尖科技盛會，旨在匯聚香港本地的商界領袖與人工智能 (AI)創新者，提供一個重要的交流與合作平台，讓您深入了解及探索生成式 AI (Generative AI) 在各行各業的實際應用。The GenAI Summit is a cutting-edge event held in Hong Kong bringing together business leaders and AI Innovators in Hong Kong under one roof, the chance to explore real world applications and apply them to your business.GenAI Summit is your one-stop destination to explore the future of enterprise and consumer AI creative solutions, the place to be for Generative AI & Digital Transformations.Brilliant minds converging to explore cutting-edge advancements, from machine learning breakthroughs to real-world AI creative applications. You’ll dive into thought-provoking talks from industry leaders that inspire bold ideas, while networking sessions connect you with innovators, collaborators, and mentors in the AI space.#Artificial intelligenceWHAT TO EXPECTAI IN REAL WORLD APPLICATIONSINDUSTRY LEADERS IN GEN AIFUTURE GEN AI INNOVATIONSOfficial Website : https://www.hkgen.ai/"
  },
  {
    "name": "The Justice Conference Asia 2025",
    "dateTime": "September 19 · 7:30pm - September 20 · 9:30pm HKT",
    "location": "The Vine Church, 29 Burrows St Hong Kong Island",
    "price": "From $550.00",
    "status": "",
    "url": "https://www.eventbrite.hk/e/the-justice-conference-asia-2025-tickets-1217348073859?aff=ebdssbdestsearch",
    "imageUrl": "https://img.evbuc.com/https%3A%2F%2Fcdn.evbuc.com%2Fimages%2F979018153%2F51397163188%2F1%2Foriginal.20250309-123235?w=512&auto=format%2Ccompress&q=75&sharp=10&rect=0%2C57%2C2488%2C1244&s=4d81aa22581ab77dd387e0d9c1cca862",
    "about": "The Justice Conference Asia returns to Hong Kong with a renewed vision and a steadfast commitment to advancing God’s heart for justice in our city and across the region. This year’s theme, Re-Imagine, invites us to challenge our imagination, disrupt our realities, and energise our actions for practical outcomes. We invite you to join us as we explore what it means to envision a world transformed by God’s boundless vision of human flourishing and justice."
  },
  {
    "name": "絲竹和韻 — 拔萃男書院國樂會＆TCO 附設青少年國樂團音樂會2025",
    "dateTime": "Starts on Sat, 19 Jul 2025 19:00 HKT",
    "location": "Diocesan Boys' School Yip Kit Chuen Concert Hall, 131 Argyle Street Mongkok, KOW",
    "price": "Free",
    "status": "Nearly full",
    "url": "https://www.eventbrite.hk/e/tco-2025-tickets-1468345443749?aff=ebdssbdestsearch",
    "imageUrl": "https://img.evbuc.com/https%3A%2F%2Fcdn.evbuc.com%2Fimages%2F1070488943%2F944270132323%2F1%2Foriginal.20250710-045048?w=512&auto=format%2Ccompress&q=75&sharp=10&rect=0%2C0%2C4500%2C2250&s=66a454aa509a168f5b95183b22e012b8",
    "about": ""
  },
  {
    "name": "Summer Nights @ Shaw Auditorium: Robot Dreams",
    "dateTime": "Thursday, August 7 · 7 - 8:45pm HKT",
    "location": "Main Hall, Shaw Auditorium, HKUST HONG KONG, NT",
    "price": "Free",
    "status": "Selling quickly",
    "url": "https://www.eventbrite.hk/e/summer-nights-shaw-auditorium-robot-dreams-tickets-1397681786849?aff=ebdssbdestsearch",
    "imageUrl": "https://img.evbuc.com/https%3A%2F%2Fcdn.evbuc.com%2Fimages%2F1049503043%2F1690654393553%2F1%2Foriginal.20250610-023829?crop=focalpoint&fit=crop&auto=format%2Ccompress&q=75&sharp=10&fp-x=0.5&fp-y=0.5&s=79a705baadaa025a3b95c98a6f685235",
    "about": "逸夫演藝中心誠邀您參加盛夏電影放映活動，一同欣賞溫馨感人的動畫電影《汪汪夢裡人》。本片以狗狗與機器人之間的深厚友情為主題，透過精緻的動畫畫面與電影歌曲，細膩描繪孤獨、夢想與現實交織的情感旅程。全片無對白，但每個動作與表情都勝過千言萬語。這將是一場讓您放鬆心情、感受真摯情感的觀影體驗，誠邀您蒞臨共度美好時光！Shaw Auditorium cordially invites you to a summer film screening featuring the heartwarming animated film \"Robot Dreams.\" This touching story showcases the profound friendship between a dog and a robot, brought to life through exquisite animation and music. With no dialogue, the film conveys deep emotions through gestures and expressions. Join us for this captivating cinematic experience that promises to soothe your mind and touch your heart!故事簡介榮獲奧斯卡最佳動畫長片提名，感動橫掃全球60+項大獎及提名，被譽為媲美《優獸大都會》及《星聲夢裡人》的年度最佳電影！單身狗狗厭倦了寂寞的獨居生活，決定購買智能機械人作伴。二人一拍即合，日夜漫遊紐約大街小巷。正當他們以為找到人生中的彼此，命運卻在一次沙灘狂歡後將他們硬生生拆散。狗狗帶著思念回復孤獨的生活日常，機械人則獨自躺在沙灘上幻想著再次回到狗狗身邊……在這場無盡的思念旅程中，有沒有一個重來的機會？SynopsisBased on a graphic novel by Sara Varon, Goya-Award-winning director Pablo Berger’s first venture into animation is a colourful, vibrant and touching buddy drama. To escape solitude, Dog assembles Robot from a build-it-yourself kit. Setting off on a whimsical exploration of New York City, the new best friends develop an inseparable bond as they savour curbside hotdogs and roller-skate through Central Park. However, their friendship is abruptly brought to a halt when an accident leaves Robot stranded on a beach.備註 Remarks:本次放映之影片不設對白。 No Dialogue.電影全長103分鐘。Film Duration: 103 minutes.電影級別: I (適合任何年齡人士觀看)。Film Classification: I (Suitable for All Ages).免費入場，請預先網上報名。 Free admission. Online registration is required.請於放映前15分鐘抵達場地。 Please arrive at the venue 15 minutes before the screening.入場守則 Admission Rules:不設劃位，先到先得。Free-seating on first-come-first-served basis.場內嚴禁飲食。No food and drinks are allowed in the venue.未經許可，請勿攝影、錄音或錄影。Unauthorized photo-taking, audio or video recording is strictly prohibited.主辦單位保留更改節目、演出者及座位安排的權利。如有任何爭議，主辦單位保留最終決定權。The organizer reserves the right to make changes to the program, performers and seating arrangement. In case of dispute, the decision of the organizer shall be final."
  }
]