[
  {
    "name": "Gentle Pause | HK Drive-in Theatre Event 香港露天汽車戲院體驗",
    "dateTime": "Fri, 8 Aug 2025 20:45 - 22:45 HKT",
    "location": "Starland Camping 摘星山脈, Shui Mei Tsuen Kam Tin, NT",
    "price": "From $588.00",
    "status": "",
    "url": "https://www.eventbrite.hk/e/gentle-pause-hk-drive-in-theatre-event-tickets-1476347718769?aff=ebdssbdestsearch",
    "imageUrl": "https://img.evbuc.com/https%3A%2F%2Fcdn.evbuc.com%2Fimages%2F1034833163%2F2563722612121%2F1%2Foriginal.20250520-120651?crop=focalpoint&fit=crop&auto=format%2Ccompress&q=75&sharp=10&fp-x=0.49053030303&fp-y=0.125486381323&s=a1992cfc0f98c9f2bdb3ef6928d550e8",
    "about": "Gentle Pause | HK Drive-in Theatre Event 露天汽車戲院體驗Join us for an enchanting movie night at Starland Camping 摘星山脈, where romance and nostalgia come alive in a serene campsite setting under the starlit sky. Grab your loved ones, pack some snacks, and get ready for a timeless getaway from the hustle and bustle of the city.Don't miss out on this opportunity to create lasting memories in a one-of-a-kind setting. Reserve your spot now!"
  },
  {
    "name": "Summer Nights @ Shaw Auditorium: Robot Dreams",
    "dateTime": "Thursday, August 7 · 7 - 8:45pm HKT",
    "location": "Main Hall, Shaw Auditorium, HKUST HONG KONG, NT",
    "price": "Free",
    "status": "Selling quickly",
    "url": "https://www.eventbrite.hk/e/summer-nights-shaw-auditorium-robot-dreams-tickets-1397681786849?aff=ebdssbdestsearch",
    "imageUrl": "https://img.evbuc.com/https%3A%2F%2Fcdn.evbuc.com%2Fimages%2F1049503043%2F1690654393553%2F1%2Foriginal.20250610-023829?crop=focalpoint&fit=crop&auto=format%2Ccompress&q=75&sharp=10&fp-x=0.5&fp-y=0.5&s=79a705baadaa025a3b95c98a6f685235",
    "about": "逸夫演藝中心誠邀您參加盛夏電影放映活動，一同欣賞溫馨感人的動畫電影《汪汪夢裡人》。本片以狗狗與機器人之間的深厚友情為主題，透過精緻的動畫畫面與電影歌曲，細膩描繪孤獨、夢想與現實交織的情感旅程。全片無對白，但每個動作與表情都勝過千言萬語。這將是一場讓您放鬆心情、感受真摯情感的觀影體驗，誠邀您蒞臨共度美好時光！Shaw Auditorium cordially invites you to a summer film screening featuring the heartwarming animated film \"Robot Dreams.\" This touching story showcases the profound friendship between a dog and a robot, brought to life through exquisite animation and music. With no dialogue, the film conveys deep emotions through gestures and expressions. Join us for this captivating cinematic experience that promises to soothe your mind and touch your heart!故事簡介榮獲奧斯卡最佳動畫長片提名，感動橫掃全球60+項大獎及提名，被譽為媲美《優獸大都會》及《星聲夢裡人》的年度最佳電影！單身狗狗厭倦了寂寞的獨居生活，決定購買智能機械人作伴。二人一拍即合，日夜漫遊紐約大街小巷。正當他們以為找到人生中的彼此，命運卻在一次沙灘狂歡後將他們硬生生拆散。狗狗帶著思念回復孤獨的生活日常，機械人則獨自躺在沙灘上幻想著再次回到狗狗身邊……在這場無盡的思念旅程中，有沒有一個重來的機會？SynopsisBased on a graphic novel by Sara Varon, Goya-Award-winning director Pablo Berger’s first venture into animation is a colourful, vibrant and touching buddy drama. To escape solitude, Dog assembles Robot from a build-it-yourself kit. Setting off on a whimsical exploration of New York City, the new best friends develop an inseparable bond as they savour curbside hotdogs and roller-skate through Central Park. However, their friendship is abruptly brought to a halt when an accident leaves Robot stranded on a beach.備註 Remarks:本次放映之影片不設對白。 No Dialogue.電影全長103分鐘。Film Duration: 103 minutes.電影級別: I (適合任何年齡人士觀看)。Film Classification: I (Suitable for All Ages).免費入場，請預先網上報名。 Free admission. Online registration is required.請於放映前15分鐘抵達場地。 Please arrive at the venue 15 minutes before the screening.入場守則 Admission Rules:不設劃位，先到先得。Free-seating on first-come-first-served basis.場內嚴禁飲食。No food and drinks are allowed in the venue.未經許可，請勿攝影、錄音或錄影。Unauthorized photo-taking, audio or video recording is strictly prohibited.主辦單位保留更改節目、演出者及座位安排的權利。如有任何爭議，主辦單位保留最終決定權。The organizer reserves the right to make changes to the program, performers and seating arrangement. In case of dispute, the decision of the organizer shall be final."
  },
  {
    "name": "Film Discussion |The Boy Who Harnessed the Wind",
    "dateTime": "Thursday, July 31 · 7:30 - 10pm HKT",
    "location": "Africa Center Hong Kong, Africa Center Hong Kong, 8/F, Breakthrough Centre, 191 Woosung Street, Jordan Hong Kong, KOW",
    "price": "Free",
    "status": "",
    "url": "https://www.eventbrite.hk/e/film-discussion-the-boy-who-harnessed-the-wind-tickets-1473513361129?aff=ebdssbdestsearch",
    "imageUrl": "https://img.evbuc.com/https%3A%2F%2Fcdn.evbuc.com%2Fimages%2F1068856933%2F406817443619%2F1%2Foriginal.20250708-120731?w=512&auto=format%2Ccompress&q=75&sharp=10&rect=0%2C89%2C1920%2C960&s=6721171703c9c7fd4b32960eca49cb70",
    "about": "The film discussion initiative hopes to bring Africans and non-Africans together through watching films from Africa and the African diaspora.We then unpack the themes of the films together through a discussion at the end of each screening.Free entry but self paying late night African style snacks and drinks available!!!"
  }
]